"('mood', '24kGoldn Featuring iann dior')"
"('all i want for christmas is you', 'Mariah Carey')"
"('positions', 'Ariana Grande')"
"(""rockin' around the christmas tree"", 'Brenda Lee')"
"('dakiti', 'Bad Bunny & Jhay Cortez')"
"('laugh now cry later', 'Drake Featuring Lil Durk')"
"('holy', 'Justin Bieber Featuring Chance The Rapper')"
"('i hope', 'Gabby Barrett Featuring Charlie Puth')"
"('jingle bell rock', 'Bobby Helms')"
"('dynamite', 'BTS')"
"('blinding lights', 'The Weeknd')"
"(""it's the most wonderful time of the year"", 'Andy Williams')"
"('lemonade', 'Internet Money & Gunna Featuring Don Toliver & NAV')"
"('body', 'Megan Thee Stallion')"
"('go crazy', 'Chris Brown & Young Thug')"
"('feliz navidad', 'Jose Feliciano')"
"('for the night', 'Pop Smoke Featuring Lil Baby & DaBaby')"
"('the christmas song (merry christmas to you)', 'Nat King Cole')"
"('kings & queens', 'Ava Max')"
"('therefore i am', 'Billie Eilish')"
"('last christmas', 'Wham!')"
"('let it snow, let it snow, let it snow', 'Dean Martin')"
"('sleigh ride', 'The Ronettes')"
"('a holly jolly christmas', 'Burl Ives')"
"('34+35', 'Ariana Grande')"
"('levitating', 'Dua Lipa Featuring DaBaby')"
"('bang!', 'AJR')"
"('life goes on', 'BTS')"
"('savage love (laxed - siren beat)', 'Jawsh 685 x Jason Derulo')"
"('underneath the tree', 'Kelly Clarkson')"
"('be like that', 'Kane Brown With Swae Lee & Khalid')"
"('more than my hometown', 'Morgan Wallen')"
"('wap', 'Cardi B Featuring Megan Thee Stallion')"
"('happy holiday / the holiday season', 'Andy Williams')"
"('rockstar', 'DaBaby Featuring Roddy Ricch')"
"('here comes santa claus (right down santa claus lane)', 'Gene Autry')"
"('white christmas', 'Bing Crosby')"
"('monster', 'Shawn Mendes & Justin Bieber')"
"(""it's beginning to look a lot like christmas"", 'Michael Buble')"
"('rudolph the red-nosed reindeer', 'Gene Autry')"
"('christmas (baby please come home)', 'Darlene Love')"
"('before you go', 'Lewis Capaldi')"
"('ily', 'surf mesa Featuring Emilee')"
"('said sum', 'Moneybagg Yo')"
"(""it's beginning to look a lot like christmas"", 'Perry Como And The Fontane Sisters With Mitchell Ayres And His Orchestra')"
"('lonely', 'Justin Bieber & benny blanco')"
"(""(there's no place like) home for the holidays"", 'Perry Como')"
"('whats poppin', 'Jack Harlow Featuring DaBaby, Tory Lanez & Lil Wayne')"
"('happy anywhere', 'Blake Shelton Featuring Gwen Stefani')"
"('watermelon sugar', 'Harry Styles')"
"('holiday', 'Lil Nas X')"
"('what you know bout love', 'Pop Smoke')"
"('la noche de anoche', 'Bad Bunny & ROSALIA')"
"('hawai', 'Maluma & The Weeknd')"
"('better together', 'Luke Combs')"
"('big, big plans', 'Chris Lane')"
"('midnight sky', 'Miley Cyrus')"
"('diamonds', 'Sam Smith')"
"('prisoner', 'Miley Cyrus Featuring Dua Lipa')"
"('te mudaste', 'Bad Bunny')"
"('love you like i used to', 'Russell Dickerson')"
"('starting over', 'Chris Stapleton')"
"(""ain't always the cowboy"", 'Jon Pardi')"
"('yo visto asi', 'Bad Bunny')"
"('dicked down in dallas', 'Trey Lewis')"
"('i should probably go to bed', 'Dan + Shay')"
"('you broke me first.', 'Tate McRae')"
"('forever after all', 'Luke Combs')"
"('whoopty', 'CJ')"
"('mr. right now', '21 Savage & Metro Boomin Featuring Drake')"
"('b.s.', 'Jhene Aiko Featuring H.E.R.')"
"('haciendo que me amas', 'Bad Bunny')"
"(""my ex's best friend"", 'Machine Gun Kelly X blackbear')"
"('te deseo lo mejor', 'Bad Bunny')"
"('under the mistletoe', 'Kelly Clarkson & Brett Eldredge')"
"('7 summers', 'Morgan Wallen')"
"('wonder', 'Shawn Mendes')"
"('booker t', 'Bad Bunny')"
"('el mundo es mio', 'Bad Bunny')"
"('pov', 'Ariana Grande')"
"('hoy cobre', 'Bad Bunny')"
"('champagne night', 'Lady A')"
"(""rockin' around the christmas tree"", 'Justin Bieber')"
"(""somebody's problem"", 'Morgan Wallen')"
"('throat baby (go baby)', 'BRS Kash')"
"('still goin down', 'Morgan Wallen')"
"('maldita pobreza', 'Bad Bunny')"
"('took her to the o', 'King Von')"
"(""don't stop"", 'Megan Thee Stallion Featuring Young Thug')"
"('hit different', 'SZA Featuring Ty Dolla $ign')"
"('tyler herro', 'Jack Harlow')"
"('golden', 'Harry Styles')"
"('good time', 'Niko Moon')"
"('la droga', 'Bad Bunny')"
"('favorite time of year', 'Carrie Underwood')"
"('back to the streets', 'Saweetie Featuring Jhene Aiko')"
"('martin & gina', 'Polo G')"
"('hole in the bottle', 'Kelsea Ballerini')"
"('so done', 'The Kid LAROI')"
"('bichota', 'Karol G')"
